ISO3,Country,Region,Geographic_Zone,SurveyYear,Data_Source_ANC,Data_Source_TFR,Data_Source_Socioeconomic,Skilled_ANC_pct,No_ANC_pct,Skilled_Delivery_pct,Health_Facility_Delivery_pct,TFR,Adolescent_Fertility_Rate,General_Fertility_Rate,Care_Efficiency_Index,Risk_Zone,ANC_zscore,TFR_zscore,LISA_ANC,Quad_ANC,LISA_TFR,Quad_TFR,Moran_I_ANC,p_ANC,Moran_I_TFR,p_TFR,n_regions,N_Districts,Total_Population,Poverty_Incidence_mean_pct,Poverty_Intensity_mean_pct,Illiteracy_Rate_pct,Uninsurance_Rate_pct,Unemployment_Rate_pct,Youth_Dependency_Ratio,Illiterate_Population,Uninsured_Population,Total_Population.1,Female_Pop_0_14,Male_Pop_0_14,Female_Pop_15_64,Male_Pop_15_64,Female_Pop_65plus,Male_Pop_65plus,Risk_Zone_Grand,ANC_z_year,TFR_z_year,Risk_Zone_YearStratified
GHA,Ghana,Ahafo,Middle Belt,1988,Ghana DHS subnational — access-to-health-care_subnational_gha.csv,Ghana DHS subnational — fertility-rates_subnational_gha.csv,Ghana Population & Housing Census / GHS — Master Sheet.xlsx,88.3,11.0,48.6,,7.6,149.0,255.0,11.618,Critical,-0.6011834043734262,2.8494320765999395,0.159,HH,-0.2318,HL,-0.0435,0.158,-0.0978,0.299,8,6,564668,24.566666666666663,42.516666666666666,26.76,21.86,47.17,60.26,151082,123426,564668,99193,104461,167745,170236,12390,10643,Critical,0.39676024526111636,1.2952506437542755,Workhorse
GHA,Ghana,Ahafo,Middle Belt,1993,Ghana DHS subnational — access-to-health-care_subnational_gha.csv,Ghana DHS subnational — fertility-rates_subnational_gha.csv,Ghana Population & Housing Census / GHS — Master Sheet.xlsx,89.9,9.6,55.0,53.1,4.7,107.0,165.0,19.128,Critical,-0.3930597046467837,0.0738626058556392,0.2444,HH,-0.1411,LH,0.2283,0.02,-0.0507,0.268,10,6,564668,24.566666666666663,42.516666666666666,26.76,21.86,47.17,60.26,151082,123426,564668,99193,104461,167745,170236,12390,10643,Critical,0.5954110060371133,-0.6459609558861575,Resilient
GHA,Ghana,Ahafo,Middle Belt,1998,Ghana DHS subnational — access-to-health-care_subnational_gha.csv,Ghana DHS subnational — fertility-rates_subnational_gha.csv,Ghana Population & Housing Census / GHS — Master Sheet.xlsx,95.8,3.3,52.5,51.7,5.2,93.0,171.0,18.423,Workhorse,0.3743964380952054,0.5524090663287945,0.7219,HH,-0.0258,HL,0.363,0.008,0.1156,0.049,10,6,564668,24.566666666666663,42.516666666666666,26.76,21.86,47.17,60.26,151082,123426,564668,99193,104461,167745,170236,12390,10643,Workhorse,1.0150548377766786,0.6645601820858332,Workhorse
GHA,Ghana,Ahafo,Middle Belt,2003,Ghana DHS subnational — access-to-health-care_subnational_gha.csv,Ghana DHS subnational — fertility-rates_subnational_gha.csv,Ghana Population & Housing Census / GHS — Master Sheet.xlsx,95.9,1.5,55.1,53.4,4.8,102.0,164.0,19.979,Workhorse,0.3874041693281216,0.1695718979502699,0.492,HH,-0.0417,HL,0.2579,0.016,0.1109,0.051,10,6,564668,24.566666666666663,42.516666666666666,26.76,21.86,47.17,60.26,151082,123426,564668,99193,104461,167745,170236,12390,10643,Workhorse,0.902937481148281,0.21589639458993115,Workhorse
GHA,Ghana,Ahafo,Middle Belt,2008,Ghana DHS subnational — access-to-health-care_subnational_gha.csv,Ghana DHS subnational — fertility-rates_subnational_gha.csv,Ghana Population & Housing Census / GHS — Master Sheet.xlsx,96.6,2.5,66.0,65.0,4.1,97.0,144.0,23.561,Resilient,0.4784582879585257,-0.5003931467121476,-0.1114,HL,-0.0,LH,0.1475,0.059,-0.0483,0.278,10,6,564668,24.566666666666663,42.516666666666666,26.76,21.86,47.17,60.26,151082,123426,564668,99193,104461,167745,170236,12390,10643,Resilient,0.8855522280662237,-0.10527936095154002,Resilient
GHA,Ghana,Ahafo,Middle Belt,2014,Ghana DHS subnational — access-to-health-care_subnational_gha.csv,Ghana DHS subnational — fertility-rates_subnational_gha.csv,Ghana Population & Housing Census / GHS — Master Sheet.xlsx,98.6,1.4,79.6,79.2,4.8,105.0,161.0,20.542,Workhorse,0.7386129126168275,0.1695718979502699,0.1535,HH,-0.1458,HL,0.0394,0.134,0.1969,0.022,10,6,564668,24.566666666666663,42.516666666666666,26.76,21.86,47.17,60.26,151082,123426,564668,99193,104461,167745,170236,12390,10643,Workhorse,0.6553770342650612,0.3957175940090459,Workhorse
GHA,Ghana,Ahafo,Middle Belt,2016,Ghana DHS subnational — access-to-health-care_subnational_gha.csv,Ghana DHS subnational — fertility-rates_subnational_gha.csv,Ghana Population & Housing Census / GHS — Master Sheet.xlsx,97.5,2.5,,,4.3,102.0,149.0,22.674,Resilient,0.5955278690547623,-0.3089745625228853,-0.0766,HL,-0.0592,HL,0.1823,0.024,0.1143,0.026,10,6,564668,24.566666666666663,42.516666666666666,26.76,21.86,47.17,60.26,151082,123426,564668,99193,104461,167745,170236,12390,10643,Resilient,0.29444795972808174,0.14603771505337013,Workhorse
GHA,Ghana,Ahafo,Middle Belt,2019,Ghana DHS subnational — access-to-health-care_subnational_gha.csv,Ghana DHS subnational — fertility-rates_subnational_gha.csv,Ghana Population & Housing Census / GHS — Master Sheet.xlsx,98.8,1.2,,,4.5,99.0,157.0,21.956,Resilient,0.7646283750826581,-0.117555978333623,0.2237,HH,-0.3904,HL,-0.0823,0.354,0.2127,0.016,10,6,564668,24.566666666666663,42.516666666666666,26.76,21.86,47.17,60.26,151082,123426,564668,99193,104461,167745,170236,12390,10643,Resilient,0.49981289505635756,0.7440390960991995,Workhorse
GHA,Ghana,Ahafo,Middle Belt,2022,Ghana DHS subnational — access-to-health-care_subnational_gha.csv,Ghana DHS subnational — fertility-rates_subnational_gha.csv,Ghana Population & Housing Census / GHS — Master Sheet.xlsx,98.8,0.9,88.8,87.7,4.2,65.0,140.0,23.524,Resilient,0.7646283750826581,-0.404683854617516,0.1224,HH,-0.0064,HL,-0.1067,0.496,0.5696,0.001,13,6,564668,24.566666666666663,42.516666666666666,26.76,21.86,47.17,60.26,151082,123426,564668,99193,104461,167745,170236,12390,10643,Resilient,0.7156611969386972,-0.1569030526163438,Resilient
GHA,Ghana,Ashanti,Middle Belt,1988,Ghana DHS subnational — access-to-health-care_subnational_gha.csv,Ghana DHS subnational — fertility-rates_subnational_gha.csv,Ghana Population & Housing Census / GHS — Master Sheet.xlsx,92.4,4.7,53.0,,6.3,117.0,209.0,14.667,Critical,-0.0678664238239065,1.6052112793697355,0.2212,HH,-0.0451,LH,-0.0435,0.158,-0.0978,0.299,8,43,5440427,21.72325581395349,42.76046511627907,18.84,28.02,48.76,56.24,1024866,1524220,5440427,925929,953098,1706298,1634508,128286,92308,Critical,0.7118628129261202,-0.18503580625061153,Resilient
GHA,Ghana,Ashanti,Middle Belt,1993,Ghana DHS subnational — access-to-health-care_subnational_gha.csv,Ghana DHS subnational — fertility-rates_subnational_gha.csv,Ghana Population & Housing Census / GHS — Master Sheet.xlsx,91.0,7.9,55.5,53.0,5.4,154.0,194.0,16.852,Critical,-0.2499746610847185,0.7438276505180568,0.2762,HH,-0.0184,HL,0.2283,0.02,-0.0507,0.268,10,43,5440427,21.72325581395349,42.76046511627907,18.84,28.02,48.76,56.24,1024866,1524220,5440427,925929,953098,1706298,1634508,128286,92308,Critical,0.7532307907698411,0.33702310741886704,Workhorse
GHA,Ghana,Ashanti,Middle Belt,1998,Ghana DHS subnational — access-to-health-care_subnational_gha.csv,Ghana DHS subnational — fertility-rates_subnational_gha.csv,Ghana Population & Housing Census / GHS — Master Sheet.xlsx,95.8,4.2,57.7,56.7,4.9,121.0,171.0,19.551,Workhorse,0.3743964380952054,0.2652811900449015,0.7219,HH,0.0184,HH,0.363,0.008,0.1156,0.049,10,43,5440427,21.72325581395349,42.76046511627907,18.84,28.02,48.76,56.24,1024866,1524220,5440427,925929,953098,1706298,1634508,128286,92308,Workhorse,1.0150548377766786,0.31479166519855295,Workhorse
GHA,Ghana,Ashanti,Middle Belt,2003,Ghana DHS subnational — access-to-health-care_subnational_gha.csv,Ghana DHS subnational — fertility-rates_subnational_gha.csv,Ghana Population & Housing Census / GHS — Master Sheet.xlsx,94.4,4.2,61.1,61.7,4.1,58.0,135.0,23.024,Resilient,0.1922882008343952,-0.5003931467121476,0.3581,HH,-0.0249,LH,0.2579,0.016,0.1109,0.051,10,43,5440427,21.72325581395349,42.76046511627907,18.84,28.02,48.76,56.24,1024866,1524220,5440427,925929,953098,1706298,1634508,128286,92308,Resilient,0.5591795568532512,-0.6237006954820207,Resilient
GHA,Ghana,Ashanti,Middle Belt,2008,Ghana DHS subnational — access-to-health-care_subnational_gha.csv,Ghana DHS subnational — fertility-rates_subnational_gha.csv,Ghana Population & Housing Census / GHS — Master Sheet.xlsx,97.4,1.9,74.1,71.4,3.6,43.0,121.0,27.056,Resilient,0.582520137821848,-0.9789396071853024,-0.3882,HL,-0.0924,LH,0.1475,0.059,-0.0483,0.278,10,43,5440427,21.72325581395349,42.76046511627907,18.84,28.02,48.76,56.24,1024866,1524220,5440427,925929,953098,1706298,1634508,128286,92308,Resilient,1.4182152223917857,-0.6316761657092368,Resilient
GHA,Ghana,Ashanti,Middle Belt,2014,Ghana DHS subnational — access-to-health-care_subnational_gha.csv,Ghana DHS subnational — fertility-rates_subnational_gha.csv,Ghana Population & Housing Census / GHS — Master Sheet.xlsx,98.7,1.3,89.2,88.4,4.2,73.0,140.0,23.5,Resilient,0.7516206438497437,-0.404683854617516,0.1555,HH,0.0528,LL,0.0394,0.134,0.1969,0.022,10,43,5440427,21.72325581395349,42.76046511627907,18.84,28.02,48.76,56.24,1024866,1524220,5440427,925929,953098,1706298,1634508,128286,92308,Resilient,0.7061814555259234,-0.30260757188927023,Resilient
GHA,Ghana,Ashanti,Middle Belt,2016,Ghana DHS subnational — access-to-health-care_subnational_gha.csv,Ghana DHS subnational — fertility-rates_subnational_gha.csv,Ghana Population & Housing Census / GHS — Master Sheet.xlsx,97.7,2.3,,,3.9,61.0,144.0,25.051,Resilient,0.6215433315205928,-0.6918117309014095,-0.1345,HL,0.1066,LL,0.1823,0.024,0.1143,0.026,10,43,5440427,21.72325581395349,42.76046511627907,18.84,28.02,48.76,56.24,1024866,1524220,5440427,925929,953098,1706298,1634508,128286,92308,Resilient,0.44544691343479226,-0.4381131451601123,Resilient
GHA,Ghana,Ashanti,Middle Belt,2019,Ghana DHS subnational — access-to-health-care_subnational_gha.csv,Ghana DHS subnational — fertility-rates_subnational_gha.csv,Ghana Population & Housing Census / GHS — Master Sheet.xlsx,100.0,0.0,,,3.5,82.0,119.0,28.571,Resilient,0.9207211498776396,-1.0746488992799337,0.3092,HH,0.0874,LL,-0.0823,0.354,0.2127,0.016,10,43,5440427,21.72325581395349,42.76046511627907,18.84,28.02,48.76,56.24,1024866,1524220,5440427,925929,953098,1706298,1634508,128286,92308,Resilient,1.0821191805589188,-0.6868053194761828,Resilient
GHA,Ghana,Ashanti,Middle Belt,2022,Ghana DHS subnational — access-to-health-care_subnational_gha.csv,Ghana DHS subnational — fertility-rates_subnational_gha.csv,Ghana Population & Housing Census / GHS — Master Sheet.xlsx,100.0,0.0,92.8,91.3,3.5,62.0,118.0,28.571,Resilient,0.9207211498776396,-1.0746488992799337,0.9865,HH,0.4488,LL,-0.1067,0.496,0.5696,0.001,13,43,5440427,21.72325581395349,42.76046511627907,18.84,28.02,48.76,56.24,1024866,1524220,5440427,925929,953098,1706298,1634508,128286,92308,Resilient,1.4766174063418769,-0.8254464941990249,Resilient
GHA,Ghana,Bono,Middle Belt,2022,Ghana DHS subnational — access-to-health-care_subnational_gha.csv,Ghana DHS subnational — fertility-rates_subnational_gha.csv,Ghana Population & Housing Census / GHS — Master Sheet.xlsx,98.6,0.9,91.2,89.7,3.7,36.0,119.0,26.649,Resilient,0.7386129126168275,-0.8832303150906714,-0.1284,HL,-0.0777,LH,-0.1067,0.496,0.5696,0.001,13,12,1208649,18.775,42.03333333333334,24.43,14.21,50.43,55.85,295287,171697,1208649,202820,210822,377388,363205,31765,22649,Resilient,0.5888351620381658,-0.6344340823182588,Resilient
GHA,Ghana,Central,Southern Belt,1988,Ghana DHS subnational — access-to-health-care_subnational_gha.csv,Ghana DHS subnational — fertility-rates_subnational_gha.csv,Ghana Population & Housing Census / GHS — Master Sheet.xlsx,78.2,14.2,31.3,,6.6,171.0,231.0,11.848,Critical,-1.9149642588978493,1.8923391556536289,-0.2637,LH,-0.1248,HL,-0.0435,0.158,-0.0978,0.299,8,22,2857261,24.35,43.58636363636364,21.25,41.93,48.71,58.37,607309,1198076,2857261,495177,509927,893703,828334,77394,52726,Critical,-0.3794680311819398,0.1565687591351315,Critical
GHA,Ghana,Central,Southern Belt,1993,Ghana DHS subnational — access-to-health-care_subnational_gha.csv,Ghana DHS subnational — fertility-rates_subnational_gha.csv,Ghana Population & Housing Census / GHS — Master Sheet.xlsx,86.1,13.0,38.1,35.5,5.4,124.0,188.0,15.944,Critical,-0.8873534914975586,0.7438276505180568,0.0396,HH,-0.1893,HL,0.2283,0.02,-0.0507,0.268,10,22,2857261,24.35,43.58636363636364,21.25,41.93,48.71,58.37,607309,1198076,2857261,495177,509927,893703,828334,77394,52726,Critical,0.05021538605132192,0.33702310741886704,Workhorse
GHA,Ghana,Central,Southern Belt,1998,Ghana DHS subnational — access-to-health-care_subnational_gha.csv,Ghana DHS subnational — fertility-rates_subnational_gha.csv,Ghana Population & Housing Census / GHS — Master Sheet.xlsx,92.0,6.2,42.9,40.7,4.7,99.0,158.0,19.574,Critical,-0.1198973487555676,0.0738626058556392,0.45,HH,-0.056,HL,0.363,0.008,0.1156,0.049,10,22,2857261,24.35,43.58636363636364,21.25,41.93,48.71,58.37,607309,1198076,2857261,495177,509927,893703,828334,77394,52726,Critical,0.6020774947840261,0.08161265394036578,Workhorse
GHA,Ghana,Central,Southern Belt,2003,Ghana DHS subnational — access-to-health-care_subnational_gha.csv,Ghana DHS subnational — fertility-rates_subnational_gha.csv,Ghana Population & Housing Census / GHS — Master Sheet.xlsx,95.0,4.0,34.0,33.2,5.0,121.0,166.0,19.0,Workhorse,0.270334588231885,0.3609904821395322,0.4462,HH,-0.407,HL,0.2579,0.016,0.1109,0.051,10,22,2857261,24.35,43.58636363636364,21.25,41.93,48.71,58.37,607309,1198076,2857261,495177,509927,893703,828334,77394,52726,Workhorse,0.6966827265712618,0.45578127746763186,Workhorse
GHA,Ghana,Central,Southern Belt,2008,Ghana DHS subnational — access-to-health-care_subnational_gha.csv,Ghana DHS subnational — fertility-rates_subnational_gha.csv,Ghana Population & Housing Census / GHS — Master Sheet.xlsx,93.1,3.8,56.7,54.6,5.4,104.0,174.0,17.241,Workhorse,0.0231876948064976,0.7438276505180568,-0.1122,LH,-1.0714,HL,0.1475,0.059,-0.0483,0.278,10,22,2857261,24.35,43.58636363636364,21.25,41.93,48.71,58.37,607309,1198076,2857261,495177,509927,893703,828334,77394,52726,Workhorse,-1.444848372108077,1.2633523314184736,Critical
GHA,Ghana,Central,Southern Belt,2014,Ghana DHS subnational — access-to-health-care_subnational_gha.csv,Ghana DHS subnational — fertility-rates_subnational_gha.csv,Ghana Population & Housing Census / GHS — Master Sheet.xlsx,97.5,2.5,71.5,70.6,4.7,98.0,163.0,20.745,Workhorse,0.5955278690547623,0.0738626058556392,0.0308,HH,-0.2745,HL,0.0394,0.134,0.1969,0.022,10,22,2857261,24.35,43.58636363636364,21.25,41.93,48.71,58.37,607309,1198076,2857261,495177,509927,893703,828334,77394,52726,Workhorse,0.09652840039562861,0.2793300663593269,Workhorse
GHA,Ghana,Central,Southern Belt,2016,Ghana DHS subnational — access-to-health-care_subnational_gha.csv,Ghana DHS subnational — fertility-rates_subnational_gha.csv,Ghana Population & Housing Census / GHS — Master Sheet.xlsx,96.7,3.3,,,4.0,113.0,139.0,24.175,Resilient,0.4914660191914419,-0.5961024388067784,0.1065,LL,0.2014,LL,0.1823,0.024,0.1143,0.026,10,22,2857261,24.35,43.58636363636364,21.25,41.93,48.71,58.37,607309,1198076,2857261,495177,509927,893703,828334,77394,52726,Resilient,-0.3095478550987496,-0.29207543010674153,Emerging
GHA,Ghana,Central,Southern Belt,2019,Ghana DHS subnational — access-to-health-care_subnational_gha.csv,Ghana DHS subnational — fertility-rates_subnational_gha.csv,Ghana Population & Housing Census / GHS — Master Sheet.xlsx,97.9,2.1,,,3.9,99.0,136.0,25.103,Resilient,0.6475587939864234,-0.6918117309014095,0.0393,HH,0.1146,LL,-0.0823,0.354,0.2127,0.016,10,22,2857261,24.35,43.58636363636364,21.25,41.93,48.71,58.37,607309,1198076,2857261,495177,509927,893703,828334,77394,52726,Resilient,0.06308318092944178,-0.11446755324603004,Resilient
GHA,Ghana,Central,Southern Belt,2022,Ghana DHS subnational — access-to-health-care_subnational_gha.csv,Ghana DHS subnational — fertility-rates_subnational_gha.csv,Ghana Population & Housing Census / GHS — Master Sheet.xlsx,98.6,0.9,84.0,82.5,3.6,60.0,122.0,27.389,Resilient,0.7386129126168275,-0.9789396071853024,-0.1013,HL,0.6879,LL,-0.1067,0.496,0.5696,0.001,13,22,2857261,24.35,43.58636363636364,21.25,41.93,48.71,58.37,607309,1198076,2857261,495177,509927,893703,828334,77394,52726,Resilient,0.5888351620381658,-0.7299402882586419,Resilient
GHA,Ghana,Eastern,Southern Belt,1988,Ghana DHS subnational — access-to-health-care_subnational_gha.csv,Ghana DHS subnational — fertility-rates_subnational_gha.csv,Ghana Population & Housing Census / GHS — Master Sheet.xlsx,88.2,2.9,37.1,,6.0,129.0,209.0,14.7,Critical,-0.6141911356063406,1.3180834030858428,0.0884,HH,0.1799,LL,-0.0435,0.158,-0.0978,0.299,8,33,2925653,22.7,42.55757575757576,21.0,26.41,47.69,55.57,614412,772731,2925653,481104,504384,911367,861988,96231,70579,Critical,0.38907481678148254,-0.5266403716363546,Resilient
GHA,Ghana,Eastern,Southern Belt,1993,Ghana DHS subnational — access-to-health-care_subnational_gha.csv,Ghana DHS subnational — fertility-rates_subnational_gha.csv,Ghana Population & Housing Census / GHS — Master Sheet.xlsx,89.1,5.9,55.5,55.5,5.0,134.0,176.0,17.82,Critical,-0.4971215545101059,0.3609904821395322,0.2969,HH,0.0911,LL,0.2283,0.02,-0.0507,0.268,10,33,2925653,22.7,42.55757575757576,21.0,26.41,47.69,55.57,614412,772731,2925653,481104,504384,911367,861988,96231,70579,Critical,0.4806329807769454,-0.22468207161257595,Resilient
GHA,Ghana,Eastern,Southern Belt,1998,Ghana DHS subnational — access-to-health-care_subnational_gha.csv,Ghana DHS subnational — fertility-rates_subnational_gha.csv,Ghana Population & Housing Census / GHS — Master Sheet.xlsx,91.6,6.6,46.5,46.5,4.5,106.0,160.0,20.356,Emerging,-0.1719282736872286,-0.117555978333623,0.3029,HH,0.0942,LL,0.363,0.008,0.1156,0.049,10,33,2925653,22.7,42.55757575757576,21.0,26.41,47.69,55.57,614412,772731,2925653,481104,504384,911367,861988,96231,70579,Emerging,0.558606195521641,-0.15156635731782142,Resilient
GHA,Ghana,Eastern,Southern Belt,2003,Ghana DHS subnational — access-to-health-care_subnational_gha.csv,Ghana DHS subnational — fertility-rates_subnational_gha.csv,Ghana Population & Housing Census / GHS — Master Sheet.xlsx,91.5,5.5,46.1,42.5,4.3,74.0,138.0,21.279,Emerging,-0.184936004920143,-0.3089745625228853,-0.0474,LH,0.266,LL,0.2579,0.016,0.1109,0.051,10,33,2925653,22.7,42.55757575757576,21.0,26.41,47.69,55.57,614412,772731,2925653,481104,504384,911367,861988,96231,70579,Emerging,-0.1054190967838077,-0.38381581260432,Emerging
GHA,Ghana,Eastern,Southern Belt,2008,Ghana DHS subnational — access-to-health-care_subnational_gha.csv,Ghana DHS subnational — fertility-rates_subnational_gha.csv,Ghana Population & Housing Census / GHS — Master Sheet.xlsx,94.7,4.0,61.3,59.9,3.6,83.0,126.0,26.306,Resilient,0.2313113945331401,-0.9789396071853024,0.2232,LL,0.2771,LL,0.1475,0.059,-0.0483,0.278,10,33,2925653,22.7,42.55757575757576,21.0,26.41,47.69,55.57,614412,772731,2925653,481104,504384,911367,861988,96231,70579,Resilient,-0.3795223834569625,-0.6316761657092368,Emerging
GHA,Ghana,Eastern,Southern Belt,2014,Ghana DHS subnational — access-to-health-care_subnational_gha.csv,Ghana DHS subnational — fertility-rates_subnational_gha.csv,Ghana Population & Housing Census / GHS — Master Sheet.xlsx,95.7,3.9,68.9,69.3,4.2,98.0,143.0,22.786,Resilient,0.3613887068622911,-0.404683854617516,0.0854,LL,0.18,LL,0.0394,0.134,0.1969,0.022,10,33,2925653,22.7,42.55757575757576,21.0,26.41,47.69,55.57,614412,772731,2925653,481104,504384,911367,861988,96231,70579,Resilient,-0.8179511822998099,-0.30260757188927023,Emerging
GHA,Ghana,Eastern,Southern Belt,2016,Ghana DHS subnational — access-to-health-care_subnational_gha.csv,Ghana DHS subnational — fertility-rates_subnational_gha.csv,Ghana Population & Housing Census / GHS — Master Sheet.xlsx,96.2,2.9,,,3.6,58.0,120.0,26.722,Resilient,0.4264273630268665,-0.9789396071853024,0.3948,LL,0.4976,LL,0.1823,0.024,0.1143,0.026,10,33,2925653,22.7,42.55757575757576,21.0,26.41,47.69,55.57,614412,772731,2925653,481104,504384,911367,861988,96231,70579,Resilient,-0.6870452393655205,-0.8762262903202239,Emerging
GHA,Ghana,Eastern,Southern Belt,2019,Ghana DHS subnational — access-to-health-care_subnational_gha.csv,Ghana DHS subnational — fertility-rates_subnational_gha.csv,Ghana Population & Housing Census / GHS — Master Sheet.xlsx,99.3,0.7,,,3.3,59.0,111.0,30.091,Resilient,0.8296670312472335,-1.2660674834691958,0.062,HH,0.6652,LL,-0.0823,0.354,0.2127,0.016,10,33,2925653,22.7,42.55757575757576,21.0,26.41,47.69,55.57,614412,772731,2925653,481104,504384,911367,861988,96231,70579,Resilient,0.7424405140157575,-0.9729742025912596,Resilient
GHA,Ghana,Eastern,Southern Belt,2022,Ghana DHS subnational — access-to-health-care_subnational_gha.csv,Ghana DHS subnational — fertility-rates_subnational_gha.csv,Ghana Population & Housing Census / GHS — Master Sheet.xlsx,99.2,0.4,90.1,89.2,3.5,65.0,118.0,28.343,Resilient,0.8166593000143192,-1.0746488992799337,0.2211,HH,0.7279,LL,-0.1067,0.496,0.5696,0.001,13,33,2925653,22.7,42.55757575757576,21.0,26.41,47.69,55.57,614412,772731,2925653,481104,504384,911367,861988,96231,70579,Resilient,0.9693132667397601,-0.8254464941990249,Resilient
GHA,Ghana,Greater Accra,Southern Belt,1988,Ghana DHS subnational — access-to-health-care_subnational_gha.csv,Ghana DHS subnational — fertility-rates_subnational_gha.csv,Ghana Population & Housing Census / GHS — Master Sheet.xlsx,91.6,5.7,69.7,,4.7,86.0,159.0,19.489,Critical,-0.1719282736872286,0.0738626058556392,0.0993,HH,-0.1632,LH,-0.0435,0.158,-0.0978,0.299,8,29,5445135,12.941379310344828,43.193103448275856,10.56,39.63,44.46,45.15,575253,2157640,5445135,820623,816969,1847164,1779901,102495,77983,Critical,0.6503793850890455,-2.0069268216412417,Resilient
GHA,Ghana,Greater Accra,Southern Belt,1993,Ghana DHS subnational — access-to-health-care_subnational_gha.csv,Ghana DHS subnational — fertility-rates_subnational_gha.csv,Ghana Population & Housing Census / GHS — Master Sheet.xlsx,95.6,3.9,79.9,79.4,3.4,69.0,119.0,28.118,Resilient,0.3483809756293748,-1.1703581913745649,0.5069,HH,-0.5399,LH,0.2283,0.02,-0.0507,0.268,10,29,5445135,12.941379310344828,43.193103448275856,10.56,39.63,44.46,45.15,575253,2157640,5445135,820623,816969,1847164,1779901,102495,77983,Resilient,1.4132044360157963,-2.4715027877383458,Resilient
GHA,Ghana,Greater Accra,Southern Belt,1998,Ghana DHS subnational — access-to-health-care_subnational_gha.csv,Ghana DHS subnational — fertility-rates_subnational_gha.csv,Ghana Population & Housing Census / GHS — Master Sheet.xlsx,93.2,6.8,72.8,75.1,2.7,48.0,98.0,34.519,Resilient,0.0361954260394138,-1.840323236036982,0.3618,HH,0.0874,LL,0.363,0.008,0.1156,0.049,10,29,5445135,12.941379310344828,43.193103448275856,10.56,39.63,44.46,45.15,575253,2157640,5445135,820623,816969,1847164,1779901,102495,77983,Resilient,0.7324913925711799,-2.250177458641504,Resilient
GHA,Ghana,Greater Accra,Southern Belt,2003,Ghana DHS subnational — access-to-health-care_subnational_gha.csv,Ghana DHS subnational — fertility-rates_subnational_gha.csv,Ghana Population & Housing Census / GHS — Master Sheet.xlsx,96.5,3.0,81.7,80.1,2.9,37.0,91.0,33.276,Resilient,0.4654505567256114,-1.6489046518477202,0.1364,HH,0.4674,LL,0.2579,0.016,0.1109,0.051,10,29,5445135,12.941379310344828,43.193103448275856,10.56,39.63,44.46,45.15,575253,2157640,5445135,820623,816969,1847164,1779901,102495,77983,Resilient,1.0404406508662916,-2.0630099927482233,Resilient
GHA,Ghana,Greater Accra,Southern Belt,2008,Ghana DHS subnational — access-to-health-care_subnational_gha.csv,Ghana DHS subnational — fertility-rates_subnational_gha.csv,Ghana Population & Housing Census / GHS — Master Sheet.xlsx,94.2,2.8,83.2,82.5,2.5,29.0,89.0,37.68,Resilient,0.1662727383685647,-2.031741820226244,0.3531,LL,0.2094,LL,0.1475,0.059,-0.0483,0.278,10,29,5445135,12.941379310344828,43.193103448275856,10.56,39.63,44.46,45.15,575253,2157640,5445135,820623,816969,1847164,1779901,102495,77983,Resilient,-0.712436754910434,-1.7897491361761708,Emerging
GHA,Ghana,Greater Accra,Southern Belt,2014,Ghana DHS subnational — access-to-health-care_subnational_gha.csv,Ghana DHS subnational — fertility-rates_subnational_gha.csv,Ghana Population & Housing Census / GHS — Master Sheet.xlsx,98.1,1.9,95.4,95.2,2.8,30.0,103.0,35.036,Resilient,0.6735742564522521,-1.7446139439423511,-0.1779,HL,0.2748,LL,0.0394,0.134,0.1969,0.022,10,29,5445135,12.941379310344828,43.193103448275856,10.56,39.63,44.46,45.15,575253,2157640,5445135,820623,816969,1847164,1779901,102495,77983,Resilient,0.4013549279607724,-1.9320329589853427,Resilient
GHA,Ghana,Greater Accra,Southern Belt,2016,Ghana DHS subnational — access-to-health-care_subnational_gha.csv,Ghana DHS subnational — fertility-rates_subnational_gha.csv,Ghana Population & Housing Census / GHS — Master Sheet.xlsx,96.3,3.7,,,3.3,47.0,121.0,29.182,Resilient,0.4394350942597808,-1.2660674834691958,0.3642,LL,0.5865,LL,0.1823,0.024,0.1143,0.026,10,29,5445135,12.941379310344828,43.193103448275856,10.56,39.63,44.46,45.15,575253,2157640,5445135,820623,816969,1847164,1779901,102495,77983,Resilient,-0.6115457625121706,-1.3143394354803362,Emerging
GHA,Ghana,Greater Accra,Southern Belt,2019,Ghana DHS subnational — access-to-health-care_subnational_gha.csv,Ghana DHS subnational — fertility-rates_subnational_gha.csv,Ghana Population & Housing Census / GHS — Master Sheet.xlsx,99.2,0.8,,,2.7,33.0,96.0,36.741,Resilient,0.8166593000143192,-1.840323236036982,0.0673,HH,0.8153,LL,-0.0823,0.354,0.2127,0.016,10,29,5445135,12.941379310344828,43.193103448275856,10.56,39.63,44.46,45.15,575253,2157640,5445135,820623,816969,1847164,1779901,102495,77983,Resilient,0.6939149902238803,-1.8314808519364885,Resilient
GHA,Ghana,Greater Accra,Southern Belt,2022,Ghana DHS subnational — access-to-health-care_subnational_gha.csv,Ghana DHS subnational — fertility-rates_subnational_gha.csv,Ghana Population & Housing Census / GHS — Master Sheet.xlsx,95.8,4.2,92.3,91.3,2.9,39.0,101.0,33.034,Resilient,0.3743964380952054,-1.6489046518477202,-1.1379,LH,1.0746,LL,-0.1067,0.496,0.5696,0.001,13,29,5445135,12.941379310344828,43.193103448275856,10.56,39.63,44.46,45.15,575253,2157640,5445135,820623,816969,1847164,1779901,102495,77983,Resilient,-1.1867293265692478,-1.398483729841323,Emerging
GHA,Ghana,North East,Northern Belt,2022,Ghana DHS subnational — access-to-health-care_subnational_gha.csv,Ghana DHS subnational — fertility-rates_subnational_gha.csv,Ghana Population & Housing Census / GHS — Master Sheet.xlsx,95.6,4.3,83.4,82.6,6.6,121.0,223.0,14.485,Workhorse,0.3483809756293748,1.8923391556536289,,,,,-0.1067,0.496,0.5696,0.001,13,6,658946,48.28333333333333,45.38333333333333,50.82,24.55,65.37,87.53,334882,161761,658946,145161,151287,177309,161369,14327,9493,Workhorse,-1.3135553614697792,2.1352458899528477,Critical
GHA,Ghana,Northern,Northern Belt,1988,Ghana DHS subnational — access-to-health-care_subnational_gha.csv,Ghana DHS subnational — fertility-rates_subnational_gha.csv,Ghana Population & Housing Census / GHS — Master Sheet.xlsx,53.7,43.8,14.4,,6.9,93.0,235.0,7.783,Critical,-5.101858410962047,2.1794670319375227,-0.847,LH,0.2026,HH,-0.0435,0.158,-0.0978,0.299,8,16,2303508,43.4,44.4,46.58,35.25,55.26,82.56,1072919,812099,2303508,495403,516280,632600,592733,36972,29520,Critical,-2.2623980086923243,0.49817332452087554,Critical
GHA,Ghana,Northern,Northern Belt,1993,Ghana DHS subnational — access-to-health-care_subnational_gha.csv,Ghana DHS subnational — fertility-rates_subnational_gha.csv,Ghana Population & Housing Census / GHS — Master Sheet.xlsx,73.2,25.4,17.5,16.3,6.0,115.0,203.0,12.2,Critical,-2.565350820543604,1.3180834030858428,0.4664,LL,0.4877,HH,0.2283,0.02,-0.0507,0.268,10,16,2303508,43.4,44.4,46.58,35.25,55.26,82.56,1072919,812099,2303508,495403,516280,632600,592733,36972,29520,Critical,-1.8005802712688577,1.1795808759660302,Critical
GHA,Ghana,Northern,Northern Belt,1998,Ghana DHS subnational — access-to-health-care_subnational_gha.csv,Ghana DHS subnational — fertility-rates_subnational_gha.csv,Ghana Population & Housing Census / GHS — Master Sheet.xlsx,74.8,18.9,16.5,15.6,5.4,81.0,181.0,13.852,Critical,-2.357227120816963,0.7438276505180568,0.7131,LL,0.2849,HH,0.363,0.008,0.1156,0.049,10,16,2303508,43.4,44.4,46.58,35.25,55.26,82.56,1072919,812099,2303508,495403,516280,632600,592733,36972,29520,Critical,-1.267188373498508,0.8977391933440204,Critical
GHA,Ghana,Northern,Northern Belt,2003,Ghana DHS subnational — access-to-health-care_subnational_gha.csv,Ghana DHS subnational — fertility-rates_subnational_gha.csv,Ghana Population & Housing Census / GHS — Master Sheet.xlsx,84.6,14.8,22.4,20.7,6.0,82.0,196.0,14.1,Critical,-1.082469459991285,1.3180834030858428,0.7774,LL,0.1213,HH,0.2579,0.016,0.1109,0.051,10,16,2303508,43.4,44.4,46.58,35.25,55.26,82.56,1072919,812099,2303508,495403,516280,632600,592733,36972,29520,Critical,-1.6867055485409461,1.6552056918561342,Critical
GHA,Ghana,Northern,Northern Belt,2008,Ghana DHS subnational — access-to-health-care_subnational_gha.csv,Ghana DHS subnational — fertility-rates_subnational_gha.csv,Ghana Population & Housing Census / GHS — Master Sheet.xlsx,96.0,3.3,35.4,35.0,5.7,82.0,185.0,16.842,Workhorse,0.400411900561036,1.03095552680195,0.1636,HH,-0.1385,HL,0.1475,0.059,-0.0483,0.278,10,16,2303508,43.4,44.4,46.58,35.25,55.26,82.56,1072919,812099,2303508,495403,516280,632600,592733,36972,29520,Workhorse,0.4860549823220616,1.5791904142730917,Workhorse
GHA,Ghana,Northern,Northern Belt,2014,Ghana DHS subnational — access-to-health-care_subnational_gha.csv,Ghana DHS subnational — fertility-rates_subnational_gha.csv,Ghana Population & Housing Census / GHS — Master Sheet.xlsx,93.9,5.7,53.4,52.8,5.9,82.0,195.0,15.915,Workhorse,0.1272495446698198,1.222374110991212,-0.2592,LH,0.4118,HH,0.0394,0.134,0.1969,0.022,10,16,2303508,43.4,44.4,46.58,35.25,55.26,82.56,1072919,812099,2303508,495403,516280,632600,592733,36972,29520,Workhorse,-1.7324307649952484,1.6759803981559602,Critical
GHA,Ghana,Northern,Northern Belt,2016,Ghana DHS subnational — access-to-health-care_subnational_gha.csv,Ghana DHS subnational — fertility-rates_subnational_gha.csv,Ghana Population & Housing Census / GHS — Master Sheet.xlsx,99.1,0.9,,,5.9,82.0,191.0,16.797,Workhorse,0.803651568781403,1.222374110991212,0.0819,HH,-0.2014,HL,0.1823,0.024,0.1143,0.026,10,16,2303508,43.4,44.4,46.58,35.25,55.26,82.56,1072919,812099,2303508,495403,516280,632600,592733,36972,29520,Workhorse,1.5024395893817444,2.482641155907301,Workhorse
GHA,Ghana,Northern,Northern Belt,2019,Ghana DHS subnational — access-to-health-care_subnational_gha.csv,Ghana DHS subnational — fertility-rates_subnational_gha.csv,Ghana Population & Housing Census / GHS — Master Sheet.xlsx,94.1,3.6,,,5.2,92.0,176.0,18.096,Workhorse,0.1532650071356485,0.5524090663287945,-0.0288,LH,0.2636,HH,-0.0823,0.354,0.2127,0.016,10,16,2303508,43.4,44.4,46.58,35.25,55.26,82.56,1072919,812099,2303508,495403,516280,632600,592733,36972,29520,Workhorse,-1.7808867231620034,1.7456301870019673,Critical
GHA,Ghana,Northern,Northern Belt,2022,Ghana DHS subnational — access-to-health-care_subnational_gha.csv,Ghana DHS subnational — fertility-rates_subnational_gha.csv,Ghana Population & Housing Census / GHS — Master Sheet.xlsx,96.7,3.0,80.7,79.6,5.4,81.0,181.0,17.907,Workhorse,0.4914660191914419,0.7438276505180568,0.0959,LL,1.474,HH,-0.1067,0.496,0.5696,0.001,13,16,2303508,43.4,44.4,46.58,35.25,55.26,82.56,1072919,812099,2303508,495403,516280,632600,592733,36972,29520,Workhorse,-0.6160121695168607,0.9891714186682524,Critical
GHA,Ghana,Oti,Northern Belt,2022,Ghana DHS subnational — access-to-health-care_subnational_gha.csv,Ghana DHS subnational — fertility-rates_subnational_gha.csv,Ghana Population & Housing Census / GHS — Master Sheet.xlsx,97.1,2.0,69.5,66.8,5.2,73.0,171.0,18.673,Workhorse,0.5434969441231012,0.5524090663287945,0.1048,LL,0.676,HH,-0.1067,0.496,0.5696,0.001,13,9,747248,38.16666666666666,41.82222222222222,40.78,47.71,41.87,72.18,304749,356519,747248,145760,154011,206188,209128,17908,14253,Workhorse,-0.3623600997158068,0.7981590067874862,Critical
GHA,Ghana,Savannah,Northern Belt,2022,Ghana DHS subnational — access-to-health-care_subnational_gha.csv,Ghana DHS subnational — fertility-rates_subnational_gha.csv,Ghana Population & Housing Census / GHS — Master Sheet.xlsx,95.9,4.1,73.1,71.0,5.8,116.0,196.0,16.534,Workhorse,0.3874041693281216,1.1266648188965804,-0.3571,LH,0.8429,HH,-0.1067,0.496,0.5696,0.001,13,7,653277,50.07142857142857,45.58571428571429,53.63,36.29,63.57,77.67,350337,237075,653277,135312,140907,178547,177086,11726,9699,Workhorse,-1.1233163091189775,1.3711962424297839,Critical
GHA,Ghana,Upper East,Northern Belt,1993,Ghana DHS subnational — access-to-health-care_subnational_gha.csv,Ghana DHS subnational — fertility-rates_subnational_gha.csv,Ghana Population & Housing Census / GHS — Master Sheet.xlsx,85.1,14.2,18.2,16.2,5.7,,194.0,14.93,Critical,-1.0174308038267097,1.03095552680195,0.0531,LL,0.1952,HH,0.2283,0.02,-0.0507,0.268,10,15,1301226,44.486666666666665,47.16,43.79,13.54,66.95,66.99,569773,176245,1301226,238364,250932,379659,350701,51940,29630,Critical,-0.0932571455238859,0.7583019916924486,Critical
GHA,Ghana,Upper East,Northern Belt,1998,Ghana DHS subnational — access-to-health-care_subnational_gha.csv,Ghana DHS subnational — fertility-rates_subnational_gha.csv,Ghana Population & Housing Census / GHS — Master Sheet.xlsx,78.0,10.5,19.1,18.2,4.4,42.0,145.0,17.727,Emerging,-1.94097972136368,-0.2132652704282537,0.2454,LL,-0.2501,LH,0.363,0.008,0.1156,0.049,10,15,1301226,44.486666666666665,47.16,43.79,13.54,66.95,66.99,569773,176245,1301226,238364,250932,379659,350701,51940,29630,Emerging,-0.9194179793994317,-0.2681558629469145,Emerging
GHA,Ghana,Upper East,Northern Belt,2003,Ghana DHS subnational — access-to-health-care_subnational_gha.csv,Ghana DHS subnational — fertility-rates_subnational_gha.csv,Ghana Population & Housing Census / GHS — Master Sheet.xlsx,85.3,14.4,28.6,26.0,4.7,83.0,155.0,18.149,Critical,-0.9914153413608788,0.0738626058556392,0.101,LL,0.0614,HH,0.2579,0.016,0.1109,0.051,10,15,1301226,44.486666666666665,47.16,43.79,13.54,66.95,66.99,569773,176245,1301226,238364,250932,379659,350701,51940,29630,Critical,-1.5262851838699314,0.09595395315108134,Critical
GHA,Ghana,Upper East,Northern Belt,2008,Ghana DHS subnational — access-to-health-care_subnational_gha.csv,Ghana DHS subnational — fertility-rates_subnational_gha.csv,Ghana Population & Housing Census / GHS — Master Sheet.xlsx,95.3,4.7,51.8,51.3,4.1,64.0,139.0,23.244,Resilient,0.3093577819306299,-0.5003931467121476,0.0219,HH,-0.0493,LH,0.1475,0.059,-0.0483,0.278,10,15,1301226,44.486666666666665,47.16,43.79,13.54,66.95,66.99,569773,176245,1301226,238364,250932,379659,350701,51940,29630,Resilient,0.019974862287199587,-0.10527936095154002,Resilient
GHA,Ghana,Upper East,Northern Belt,2014,Ghana DHS subnational — access-to-health-care_subnational_gha.csv,Ghana DHS subnational — fertility-rates_subnational_gha.csv,Ghana Population & Housing Census / GHS — Master Sheet.xlsx,98.7,1.3,89.3,89.0,4.9,71.0,157.0,20.143,Workhorse,0.7516206438497437,0.2652811900449015,0.0658,HH,0.3742,HH,0.0394,0.134,0.1969,0.022,10,15,1301226,44.486666666666665,47.16,43.79,13.54,66.95,66.99,569773,176245,1301226,238364,250932,379659,350701,51940,29630,Workhorse,0.7061814555259234,0.512105121658766,Workhorse
GHA,Ghana,Upper East,Northern Belt,2016,Ghana DHS subnational — access-to-health-care_subnational_gha.csv,Ghana DHS subnational — fertility-rates_subnational_gha.csv,Ghana Population & Housing Census / GHS — Master Sheet.xlsx,99.3,0.7,,,4.2,57.0,135.0,23.643,Resilient,0.8296670312472335,-0.404683854617516,0.8877,HH,0.0,HH,0.1823,0.024,0.1143,0.026,10,15,1301226,44.486666666666665,47.16,43.79,13.54,66.95,66.99,569773,176245,1301226,238364,250932,379659,350701,51940,29630,Resilient,1.6534385430884548,0.0,Resilient
GHA,Ghana,Upper East,Northern Belt,2019,Ghana DHS subnational — access-to-health-care_subnational_gha.csv,Ghana DHS subnational — fertility-rates_subnational_gha.csv,Ghana Population & Housing Census / GHS — Master Sheet.xlsx,99.6,0.4,,,4.4,86.0,147.0,22.636,Resilient,0.8686902249459785,-0.2132652704282537,-0.1412,HL,0.3774,HH,-0.0823,0.354,0.2127,0.016,10,15,1301226,44.486666666666665,47.16,43.79,13.54,66.95,66.99,569773,176245,1301226,238364,250932,379659,350701,51940,29630,Resilient,0.8880170853913961,0.6009546545416617,Workhorse
GHA,Ghana,Upper East,Northern Belt,2022,Ghana DHS subnational — access-to-health-care_subnational_gha.csv,Ghana DHS subnational — fertility-rates_subnational_gha.csv,Ghana Population & Housing Census / GHS — Master Sheet.xlsx,99.2,0.8,98.3,97.7,4.6,70.0,162.0,21.565,Resilient,0.8166593000143192,-0.0218466862389923,-0.5176,HL,0.6171,HH,-0.1067,0.496,0.5696,0.001,13,15,1301226,44.486666666666665,47.16,43.79,13.54,66.95,66.99,569773,176245,1301226,238364,250932,379659,350701,51940,29630,Resilient,0.9693132667397601,0.2251217711451877,Workhorse
GHA,Ghana,Upper West,Northern Belt,1993,Ghana DHS subnational — access-to-health-care_subnational_gha.csv,Ghana DHS subnational — fertility-rates_subnational_gha.csv,Ghana Population & Housing Census / GHS — Master Sheet.xlsx,74.6,25.4,22.1,22.1,5.2,,186.0,14.346,Critical,-2.3832425832827937,0.5524090663287945,0.2423,LL,0.0254,HH,0.2283,0.02,-0.0507,0.268,10,11,901502,39.37272727272728,45.76363636363636,45.15,16.11,61.67,66.79,407067,145238,901502,167147,174602,264115,247574,29923,18141,Critical,-1.599718727063568,0.05617051790314554,Critical
GHA,Ghana,Upper West,Northern Belt,1998,Ghana DHS subnational — access-to-health-care_subnational_gha.csv,Ghana DHS subnational — fertility-rates_subnational_gha.csv,Ghana Population & Housing Census / GHS — Master Sheet.xlsx,70.6,27.5,24.2,24.7,5.9,74.0,194.0,11.966,Critical,-2.903551832599397,1.222374110991212,0.0749,LL,0.6618,HH,0.363,0.008,0.1156,0.049,10,11,901502,39.37272727272728,45.76363636363636,45.15,16.11,61.67,66.79,407067,145238,901502,167147,174602,264115,247574,29923,18141,Critical,-1.7236370157535457,1.4806867214894879,Critical
GHA,Ghana,Upper West,Northern Belt,2003,Ghana DHS subnational — access-to-health-care_subnational_gha.csv,Ghana DHS subnational — fertility-rates_subnational_gha.csv,Ghana Population & Housing Census / GHS — Master Sheet.xlsx,91.9,7.6,35.5,35.5,5.5,68.0,178.0,16.709,Critical,-0.1329050799884819,0.8395369426126875,0.0067,LL,0.3939,HH,0.2579,0.016,0.1109,0.051,10,11,901502,39.37272727272728,45.76363636363636,45.15,16.11,61.67,66.79,407067,145238,901502,167147,174602,264115,247574,29923,18141,Critical,-0.013750316971798456,1.055493484661883,Critical
GHA,Ghana,Upper West,Northern Belt,2008,Ghana DHS subnational — access-to-health-care_subnational_gha.csv,Ghana DHS subnational — fertility-rates_subnational_gha.csv,Ghana Population & Housing Census / GHS — Master Sheet.xlsx,97.0,3.0,51.1,49.9,5.0,70.0,158.0,19.4,Workhorse,0.5304892128901868,0.3609904821395322,0.899,HH,0.1724,HH,0.1475,0.059,-0.0483,0.278,10,11,901502,39.37272727272728,45.76363636363636,45.15,16.11,61.67,66.79,407067,145238,901502,167147,174602,264115,247574,29923,18141,Workhorse,1.1518837252290046,0.8422348876123155,Workhorse
GHA,Ghana,Upper West,Northern Belt,2014,Ghana DHS subnational — access-to-health-care_subnational_gha.csv,Ghana DHS subnational — fertility-rates_subnational_gha.csv,Ghana Population & Housing Census / GHS — Master Sheet.xlsx,98.7,1.3,69.8,69.9,5.2,70.0,167.0,18.981,Workhorse,0.7516206438497437,0.5524090663287945,0.0658,HH,0.5458,HH,0.0394,0.134,0.1969,0.022,10,11,901502,39.37272727272728,45.76363636363636,45.15,16.11,61.67,66.79,407067,145238,901502,167147,174602,264115,247574,29923,18141,Workhorse,0.7061814555259234,0.861267704607924,Workhorse
GHA,Ghana,Upper West,Northern Belt,2016,Ghana DHS subnational — access-to-health-care_subnational_gha.csv,Ghana DHS subnational — fertility-rates_subnational_gha.csv,Ghana Population & Housing Census / GHS — Master Sheet.xlsx,96.7,3.3,,,4.3,42.0,139.0,22.488,Resilient,0.4914660191914419,-0.3089745625228853,-0.335,LH,0.0889,HH,0.1823,0.024,0.1143,0.026,10,11,901502,39.37272727272728,45.76363636363636,45.15,16.11,61.67,66.79,407067,145238,901502,167147,174602,264115,247574,29923,18141,Resilient,-0.3095478550987496,0.14603771505337013,Critical
GHA,Ghana,Upper West,Northern Belt,2019,Ghana DHS subnational — access-to-health-care_subnational_gha.csv,Ghana DHS subnational — fertility-rates_subnational_gha.csv,Ghana Population & Housing Census / GHS — Master Sheet.xlsx,97.0,3.0,,,4.3,90.0,144.0,22.558,Resilient,0.5304892128901868,-0.3089745625228853,-0.0715,LH,0.3057,HH,-0.0823,0.354,0.2127,0.016,10,11,901502,39.37272727272728,45.76363636363636,45.15,16.11,61.67,66.79,407067,145238,901502,167147,174602,264115,247574,29923,18141,Resilient,-0.37364653319748087,0.4578702129841227,Critical
GHA,Ghana,Upper West,Northern Belt,2022,Ghana DHS subnational — access-to-health-care_subnational_gha.csv,Ghana DHS subnational — fertility-rates_subnational_gha.csv,Ghana Population & Housing Census / GHS — Master Sheet.xlsx,98.4,0.7,91.7,92.8,4.5,57.0,150.0,21.867,Resilient,0.7125974501509988,-0.117555978333623,-0.0616,HL,0.3079,HH,-0.1067,0.496,0.5696,0.001,13,11,901502,39.37272727272728,45.76363636363636,45.15,16.11,61.67,66.79,407067,145238,901502,167147,174602,264115,247574,29923,18141,Resilient,0.46200912713764325,0.12961556520480505,Workhorse
GHA,Ghana,Volta,Southern Belt,1988,Ghana DHS subnational — access-to-health-care_subnational_gha.csv,Ghana DHS subnational — fertility-rates_subnational_gha.csv,Ghana Population & Housing Census / GHS — Master Sheet.xlsx,80.7,15.5,32.4,,7.2,141.0,237.0,11.208,Critical,-1.5897709780749725,2.466594908221416,-0.0734,LH,-0.6147,HL,-0.0435,0.158,-0.0978,0.299,8,18,1659040,28.827777777777776,44.11666666666667,25.13,32.0,52.67,57.18,416834,530960,1659040,276939,285649,520791,463166,70625,41870,Critical,-0.1873323191910842,0.8397778899066185,Critical
GHA,Ghana,Volta,Southern Belt,1993,Ghana DHS subnational — access-to-health-care_subnational_gha.csv,Ghana DHS subnational — fertility-rates_subnational_gha.csv,Ghana Population & Housing Census / GHS — Master Sheet.xlsx,85.8,12.8,34.3,33.5,5.4,71.0,183.0,15.889,Critical,-0.9263766851963036,0.7438276505180568,0.0054,HH,-0.1893,HL,0.2283,0.02,-0.0507,0.268,10,18,1659040,28.827777777777776,44.11666666666667,25.13,32.0,52.67,57.18,416834,530960,1659040,276939,285649,520791,463166,70625,41870,Critical,0.007173626578759983,0.33702310741886704,Workhorse
GHA,Ghana,Volta,Southern Belt,1998,Ghana DHS subnational — access-to-health-care_subnational_gha.csv,Ghana DHS subnational — fertility-rates_subnational_gha.csv,Ghana Population & Housing Census / GHS — Master Sheet.xlsx,82.8,16.6,33.8,32.6,4.3,80.0,147.0,19.256,Emerging,-1.316608622183756,-0.3089745625228853,-0.3213,LH,0.2143,LL,0.363,0.008,0.1156,0.049,10,18,1659040,28.827777777777776,44.11666666666667,25.13,32.0,52.67,57.18,416834,530960,1659040,276939,285649,520791,463166,70625,41870,Emerging,-0.3977623882508179,-0.3847453685760086,Emerging
GHA,Ghana,Volta,Southern Belt,2003,Ghana DHS subnational — access-to-health-care_subnational_gha.csv,Ghana DHS subnational — fertility-rates_subnational_gha.csv,Ghana Population & Housing Census / GHS — Master Sheet.xlsx,89.0,9.8,47.1,47.3,4.4,103.0,147.0,20.227,Emerging,-0.5101292857430203,-0.2132652704282537,-0.4128,LH,0.1917,LL,0.2579,0.016,0.1109,0.051,10,18,1659040,28.827777777777776,44.11666666666667,25.13,32.0,52.67,57.18,416834,530960,1659040,276939,285649,520791,463166,70625,41870,Emerging,-0.6783489706088573,-0.26387337116546916,Emerging
GHA,Ghana,Volta,Southern Belt,2008,Ghana DHS subnational — access-to-health-care_subnational_gha.csv,Ghana DHS subnational — fertility-rates_subnational_gha.csv,Ghana Population & Housing Census / GHS — Master Sheet.xlsx,93.2,6.8,55.0,55.0,3.8,79.0,130.0,24.526,Resilient,0.0361954260394138,-0.7875210229960407,0.4283,LL,0.2094,LL,0.1475,0.059,-0.0483,0.278,10,18,1659040,28.827777777777776,44.11666666666667,25.13,32.0,52.67,57.18,416834,530960,1659040,276939,285649,520791,463166,70625,41870,Resilient,-1.378265497817377,-0.4211174438061582,Emerging
GHA,Ghana,Volta,Southern Belt,2014,Ghana DHS subnational — access-to-health-care_subnational_gha.csv,Ghana DHS subnational — fertility-rates_subnational_gha.csv,Ghana Population & Housing Census / GHS — Master Sheet.xlsx,94.2,5.4,70.5,69.8,4.3,107.0,146.0,21.907,Resilient,0.1662727383685647,-0.3089745625228853,-0.1695,LH,0.1168,LL,0.0394,0.134,0.1969,0.022,10,18,1659040,28.827777777777776,44.11666666666667,25.13,32.0,52.67,57.18,416834,530960,1659040,276939,285649,520791,463166,70625,41870,Resilient,-1.5800175012126765,-0.18622004423955124,Emerging
GHA,Ghana,Volta,Southern Belt,2016,Ghana DHS subnational — access-to-health-care_subnational_gha.csv,Ghana DHS subnational — fertility-rates_subnational_gha.csv,Ghana Population & Housing Census / GHS — Master Sheet.xlsx,95.0,5.0,,,4.2,68.0,145.0,22.619,Resilient,0.270334588231885,-0.404683854617516,0.5145,LL,-0.0,HL,0.1823,0.024,0.1143,0.026,10,18,1659040,28.827777777777776,44.11666666666667,25.13,32.0,52.67,57.18,416834,530960,1659040,276939,285649,520791,463166,70625,41870,Resilient,-1.5930389616057727,0.0,Emerging
GHA,Ghana,Volta,Southern Belt,2019,Ghana DHS subnational — access-to-health-care_subnational_gha.csv,Ghana DHS subnational — fertility-rates_subnational_gha.csv,Ghana Population & Housing Census / GHS — Master Sheet.xlsx,94.6,5.4,,,4.1,90.0,141.0,23.073,Resilient,0.2183036633002239,-0.5003931467121476,-1.1031,LH,-0.172,HL,-0.0823,0.354,0.2127,0.016,10,18,1659040,28.827777777777776,44.11666666666667,25.13,32.0,52.67,57.18,416834,530960,1659040,276939,285649,520791,463166,70625,41870,Resilient,-1.5382591042026035,0.17170132986904602,Critical
GHA,Ghana,Volta,Southern Belt,2022,Ghana DHS subnational — access-to-health-care_subnational_gha.csv,Ghana DHS subnational — fertility-rates_subnational_gha.csv,Ghana Population & Housing Census / GHS — Master Sheet.xlsx,98.3,1.2,82.1,79.1,3.9,54.0,130.0,25.205,Resilient,0.6995897189180826,-0.6918117309014095,-0.0343,HL,0.1681,LL,-0.1067,0.496,0.5696,0.001,13,18,1659040,28.827777777777776,44.11666666666667,25.13,32.0,52.67,57.18,416834,530960,1659040,276939,285649,520791,463166,70625,41870,Resilient,0.398596109687373,-0.44342167043749303,Resilient
GHA,Ghana,Western,Southern Belt,1988,Ghana DHS subnational — access-to-health-care_subnational_gha.csv,Ghana DHS subnational — fertility-rates_subnational_gha.csv,Ghana Population & Housing Census / GHS — Master Sheet.xlsx,92.0,4.5,41.9,,6.4,134.0,219.0,14.375,Critical,-0.1198973487555676,1.7009205714643674,0.2685,HH,0.015,LL,-0.0435,0.158,-0.0978,0.299,8,14,2060585,27.6,43.33571428571429,23.46,36.24,48.82,55.39,483403,746807,2060585,350454,359013,626071,654890,38833,31324,Critical,0.6811210990075828,-0.0711676177886965,Resilient
GHA,Ghana,Western,Southern Belt,1993,Ghana DHS subnational — access-to-health-care_subnational_gha.csv,Ghana DHS subnational — fertility-rates_subnational_gha.csv,Ghana Population & Housing Census / GHS — Master Sheet.xlsx,87.1,11.1,39.3,35.9,5.4,150.0,189.0,16.13,Critical,-0.7572761791684077,0.7438276505180568,0.1513,HH,-0.2287,HL,0.2283,0.02,-0.0507,0.268,10,14,2060585,27.6,43.33571428571429,23.46,36.24,48.82,55.39,483403,746807,2060585,350454,359013,626071,654890,38833,31324,Critical,0.19368791762652973,0.33702310741886704,Workhorse
GHA,Ghana,Western,Southern Belt,1998,Ghana DHS subnational — access-to-health-care_subnational_gha.csv,Ghana DHS subnational — fertility-rates_subnational_gha.csv,Ghana Population & Housing Census / GHS — Master Sheet.xlsx,90.0,8.9,41.7,40.8,4.3,87.0,152.0,20.93,Emerging,-0.3800519734138693,-0.3089745625228853,0.3596,HH,0.1271,LL,0.363,0.008,0.1156,0.049,10,14,2060585,27.6,43.33571428571429,23.46,36.24,48.82,55.39,483403,746807,2060585,350454,359013,626071,654890,38833,31324,Emerging,0.38472099847210356,-0.3847453685760086,Resilient
GHA,Ghana,Western,Southern Belt,2003,Ghana DHS subnational — access-to-health-care_subnational_gha.csv,Ghana DHS subnational — fertility-rates_subnational_gha.csv,Ghana Population & Housing Census / GHS — Master Sheet.xlsx,95.5,3.2,37.4,34.0,4.5,76.0,150.0,21.222,Resilient,0.3353732443964605,-0.117555978333623,0.721,HH,0.0806,LL,0.2579,0.016,0.1109,0.051,10,14,2060585,27.6,43.33571428571429,23.46,36.24,48.82,55.39,483403,746807,2060585,350454,359013,626071,654890,38833,31324,Resilient,0.8112687013362717,-0.14393092972661933,Resilient
GHA,Ghana,Western,Southern Belt,2008,Ghana DHS subnational — access-to-health-care_subnational_gha.csv,Ghana DHS subnational — fertility-rates_subnational_gha.csv,Ghana Population & Housing Census / GHS — Master Sheet.xlsx,95.2,4.8,61.8,57.5,4.2,58.0,139.0,22.667,Resilient,0.2963500506977156,-0.404683854617516,-0.0019,LH,-0.0,HL,0.1475,0.059,-0.0483,0.278,10,14,2060585,27.6,43.33571428571429,23.46,36.24,48.82,55.39,483403,746807,2060585,350454,359013,626071,654890,38833,31324,Resilient,-0.046608012003490934,0.0,Emerging
GHA,Ghana,Western,Southern Belt,2014,Ghana DHS subnational — access-to-health-care_subnational_gha.csv,Ghana DHS subnational — fertility-rates_subnational_gha.csv,Ghana Population & Housing Census / GHS — Master Sheet.xlsx,99.0,1.0,76.4,75.7,3.6,63.0,128.0,27.5,Resilient,0.7906438375484887,-0.9789396071853024,0.4435,HH,0.4336,LL,0.0394,0.134,0.1969,0.022,10,14,2060585,27.6,43.33571428571429,23.46,36.24,48.82,55.39,483403,746807,2060585,350454,359013,626071,654890,38833,31324,Resilient,0.8585947193084952,-1.000932737787587,Resilient
GHA,Ghana,Western,Southern Belt,2016,Ghana DHS subnational — access-to-health-care_subnational_gha.csv,Ghana DHS subnational — fertility-rates_subnational_gha.csv,Ghana Population & Housing Census / GHS — Master Sheet.xlsx,96.6,3.4,,,4.3,94.0,145.0,22.465,Resilient,0.4784582879585257,-0.3089745625228853,0.0194,LL,-0.077,HL,0.1823,0.024,0.1143,0.026,10,14,2060585,27.6,43.33571428571429,23.46,36.24,48.82,55.39,483403,746807,2060585,350454,359013,626071,654890,38833,31324,Resilient,-0.3850473319521102,0.14603771505337013,Critical
GHA,Ghana,Western,Southern Belt,2019,Ghana DHS subnational — access-to-health-care_subnational_gha.csv,Ghana DHS subnational — fertility-rates_subnational_gha.csv,Ghana Population & Housing Census / GHS — Master Sheet.xlsx,97.2,2.8,,,3.9,94.0,134.0,24.923,Resilient,0.5565046753560174,-0.6918117309014095,-0.1797,LH,0.0601,LL,-0.0823,0.354,0.2127,0.016,10,14,2060585,27.6,43.33571428571429,23.46,36.24,48.82,55.39,483403,746807,2060585,350454,359013,626071,654890,38833,31324,Resilient,-0.27659548561371955,-0.11446755324603004,Emerging
GHA,Ghana,Western,Southern Belt,2022,Ghana DHS subnational — access-to-health-care_subnational_gha.csv,Ghana DHS subnational — fertility-rates_subnational_gha.csv,Ghana Population & Housing Census / GHS — Master Sheet.xlsx,95.2,2.8,86.6,85.3,3.7,70.0,129.0,25.73,Resilient,0.2963500506977156,-0.8832303150906714,-0.5792,LH,0.4635,LL,-0.1067,0.496,0.5696,0.001,13,14,2060585,27.6,43.33571428571429,23.46,36.24,48.82,55.39,483403,746807,2060585,350454,359013,626071,654890,38833,31324,Resilient,-1.5672074312708333,-0.6344340823182588,Emerging
